path	capture	last_modified	etag	server
www.ramsoft.bbk.org/index.html	20081017084324	Sat, 07 Apr 2007 20:50:56 GMT	"57eba-1674-46180430"	Apache/1.3.33 (Debian GNU/Linux) PHP/4.3.10-22
www.ramsoft.bbk.org/about.html	20080515234835	Thu, 22 Feb 2007 20:18:59 GMT	"57eb0-c2c-45ddfab3"	Apache/1.3.33 (Debian GNU/Linux) PHP/4.3.10-22
www.ramsoft.bbk.org/cc999.html	20080509161414	Tue, 20 Feb 2001 22:28:27 GMT	"57eb1-f4f-3a92ef8b"	Apache/1.3.33 (Debian GNU/Linux) PHP/4.3.10-22
www.ramsoft.bbk.org/csw.html	20080929025328	Fri, 01 Aug 2003 12:30:33 GMT	"57ec2-40ff-3f2a5d69"	Apache/1.3.33 (Debian GNU/Linux) PHP/4.3.10-22
www.ramsoft.bbk.org/demos.html	20080526054057	Tue, 20 Feb 2001 22:28:31 GMT	"57eb2-1b0d-3a92ef8f"	Apache/1.3.33 (Debian GNU/Linux) PHP/4.3.10-22
www.ramsoft.bbk.org/demos/2ndreal1.zip	20070808150508	Fri, 28 Jul 2000 17:59:19 GMT	"586a03-1645-3981c9f7"	Apache/1.3.33 (Debian GNU/Linux) PHP/4.3.10-16
www.ramsoft.bbk.org/demos/cc999/anamnes.zip	20060819194516	Fri, 28 Jul 2000 18:00:44 GMT	"6de490-828b8-3981ca4c"	Apache/1.3.33 (Debian GNU/Linux) PHP/4.3.10-16
www.ramsoft.bbk.org/demos/cc999/cc999.txt	20080513235436	Fri, 28 Jul 2000 18:00:45 GMT	"6de496-b60-3981ca4d"	Apache/1.3.33 (Debian GNU/Linux) PHP/4.3.10-22
www.ramsoft.bbk.org/demos/cc999/cc999gfx.zip	20060819194317	Fri, 28 Jul 2000 18:00:53 GMT	"6de492-20072-3981ca55"	Apache/1.3.33 (Debian GNU/Linux) PHP/4.3.10-16
www.ramsoft.bbk.org/demos/cc999/cc999i4k.zip	20060819194603	Fri, 28 Jul 2000 18:00:56 GMT	"6de494-8464-3981ca58"	Apache/1.3.33 (Debian GNU/Linux) PHP/4.3.10-16
www.ramsoft.bbk.org/demos/cc999/cc999mfx.zip	20060819194501	Fri, 28 Jul 2000 18:01:02 GMT	"6de493-14b2a-3981ca5e"	Apache/1.3.33 (Debian GNU/Linux) PHP/4.3.10-16
www.ramsoft.bbk.org/demos/cc999/cc999tap.zip	20060508115500	Fri, 28 Jul 2000 18:01:05 GMT	"6de495-b7d8-3981ca61"	Apache/1.3.33 (Debian GNU/Linux) PHP/4.3.10-15
www.ramsoft.bbk.org/demos/cc999/cc99i512.zip	20060819194917	Fri, 28 Jul 2000 18:01:54 GMT	"6de498-6429-3981ca92"	Apache/1.3.33 (Debian GNU/Linux) PHP/4.3.10-16
www.ramsoft.bbk.org/demos/doxy98/compo.zip	20060508120512	Fri, 28 Jul 2000 18:10:52 GMT	"d7cb8-386b4-3981ccac"	Apache/1.3.33 (Debian GNU/Linux) PHP/4.3.10-15
www.ramsoft.bbk.org/demos/doxy98/dc98full.txt	20080705123956	Fri, 28 Jul 2000 18:10:15 GMT	"d7cb9-eed-3981cc87"	Apache/1.3.33 (Debian GNU/Linux) PHP/4.3.10-22
www.ramsoft.bbk.org/demos/doxy98/dc98mus1.zip	20060508120537	Fri, 28 Jul 2000 18:10:15 GMT	"d7cb7-1b81-3981cc87"	Apache/1.3.33 (Debian GNU/Linux) PHP/4.3.10-15
www.ramsoft.bbk.org/demos/doxy98/dc98mus2.zip	20060508120530	Fri, 28 Jul 2000 18:10:16 GMT	"d7cb0-1a08-3981cc88"	Apache/1.3.33 (Debian GNU/Linux) PHP/4.3.10-15
www.ramsoft.bbk.org/demos/doxy98/dc98mus3.zip	20060508120505	Fri, 28 Jul 2000 18:10:16 GMT	"d7cb4-1ed6-3981cc88"	Apache/1.3.33 (Debian GNU/Linux) PHP/4.3.10-15
www.ramsoft.bbk.org/demos/doxy98/hstate.zip	20060508120546	Fri, 28 Jul 2000 18:10:20 GMT	"d7cb5-f343-3981cc8c"	Apache/1.3.33 (Debian GNU/Linux) PHP/4.3.10-15
www.ramsoft.bbk.org/demos/doxy99/clone.zip	20070808150828	Fri, 28 Jul 2000 18:10:54 GMT	"3a717e-2d16-3981ccae"	Apache/1.3.33 (Debian GNU/Linux) PHP/4.3.10-16
www.ramsoft.bbk.org/demos/doxy99/dc99gfx.zip	20070808150847	Fri, 28 Jul 2000 18:10:57 GMT	"3a7179-a0e4-3981ccb1"	Apache/1.3.33 (Debian GNU/Linux) PHP/4.3.10-16
www.ramsoft.bbk.org/demos/doxy99/dc99gfx2.zip	20070808150836	Fri, 28 Jul 2000 18:10:59 GMT	"3a7178-abdf-3981ccb3"	Apache/1.3.33 (Debian GNU/Linux) PHP/4.3.10-16
www.ramsoft.bbk.org/demos/doxy99/dc99late.zip	20070808150758	Fri, 28 Jul 2000 18:11:00 GMT	"3a717b-36c9-3981ccb4"	Apache/1.3.33 (Debian GNU/Linux) PHP/4.3.10-16
www.ramsoft.bbk.org/demos/doxy99/dc99msx.zip	20070808150748	Fri, 28 Jul 2000 18:11:03 GMT	"3a717c-b2f0-3981ccb7"	Apache/1.3.33 (Debian GNU/Linux) PHP/4.3.10-16
www.ramsoft.bbk.org/demos/doxy99/minctrl.zip	20070808150815	Fri, 28 Jul 2000 18:11:13 GMT	"3a717d-20633-3981ccc1"	Apache/1.3.33 (Debian GNU/Linux) PHP/4.3.10-16
www.ramsoft.bbk.org/demos/doxy99/omedron4.zip	20070808150731	Fri, 28 Jul 2000 18:11:13 GMT	"3a717a-e33-3981ccc1"	Apache/1.3.33 (Debian GNU/Linux) PHP/4.3.10-16
www.ramsoft.bbk.org/demos/doxy99/zoooooom.zip	20070808150725	Fri, 28 Jul 2000 18:11:13 GMT	"3a717f-52a-3981ccc1"	Apache/1.3.33 (Debian GNU/Linux) PHP/4.3.10-16
www.ramsoft.bbk.org/demos/enlight97/bc.zip	20060508120338	Fri, 28 Jul 2000 18:02:34 GMT	"7562c0-a9db-3981caba"	Apache/1.3.33 (Debian GNU/Linux) PHP/4.3.10-15
www.ramsoft.bbk.org/demos/enlight97/binlove.zip	20060508120243	Fri, 28 Jul 2000 18:02:45 GMT	"7562c2-29550-3981cac5"	Apache/1.3.33 (Debian GNU/Linux) PHP/4.3.10-15
www.ramsoft.bbk.org/demos/enlight97/bizarre.zip	20060508120401	Fri, 28 Jul 2000 18:05:48 GMT	"7562ca-c050-3981cb7c"	Apache/1.3.33 (Debian GNU/Linux) PHP/4.3.10-15
www.ramsoft.bbk.org/demos/enlight97/bs-i.zip	20060508120352	Fri, 28 Jul 2000 18:04:59 GMT	"7562c8-819a-3981cb4b"	Apache/1.3.33 (Debian GNU/Linux) PHP/4.3.10-15
www.ramsoft.bbk.org/demos/enlight97/e97gfx.zip	20060508120143	Fri, 28 Jul 2000 18:03:20 GMT	"7562c6-7b652-3981cae8"	Apache/1.3.33 (Debian GNU/Linux) PHP/4.3.10-15
www.ramsoft.bbk.org/demos/enlight97/e97music.zip	20060508120419	Fri, 28 Jul 2000 18:04:01 GMT	"7562c9-9442a-3981cb11"	Apache/1.3.33 (Debian GNU/Linux) PHP/4.3.10-15
www.ramsoft.bbk.org/demos/enlight97/ecstatic.zip	20060508120214	Fri, 28 Jul 2000 18:04:56 GMT	"7562cd-12749-3981cb48"	Apache/1.3.33 (Debian GNU/Linux) PHP/4.3.10-15
www.ramsoft.bbk.org/demos/enlight97/enlight96.rar	20060508120105	Fri, 28 Jul 2000 18:04:50 GMT	"7562c4-9c7f4-3981cb42"	Apache/1.3.33 (Debian GNU/Linux) PHP/4.3.10-15
www.ramsoft.bbk.org/demos/enlight97/excess.zip	20060508120229	Fri, 28 Jul 2000 18:04:06 GMT	"7562cb-10d7b-3981cb16"	Apache/1.3.33 (Debian GNU/Linux) PHP/4.3.10-15
www.ramsoft.bbk.org/demos/enlight97/eyeahe_2.zip	20060508120444	Fri, 28 Jul 2000 18:05:45 GMT	"7562c3-3077b-3981cb79"	Apache/1.3.33 (Debian GNU/Linux) PHP/4.3.10-15
www.ramsoft.bbk.org/demos/enlight97/noumenon.zip	20060508120133	Fri, 28 Jul 2000 18:05:51 GMT	"7562cc-a4a5-3981cb7f"	Apache/1.3.33 (Debian GNU/Linux) PHP/4.3.10-15
www.ramsoft.bbk.org/demos/enlight97/powerup2.zip	20060508120300	Fri, 28 Jul 2000 18:05:29 GMT	"7562c5-6fbd0-3981cb69"	Apache/1.3.33 (Debian GNU/Linux) PHP/4.3.10-15
www.ramsoft.bbk.org/demos/enlight97/realactn.zip	20060508120412	Fri, 28 Jul 2000 18:05:31 GMT	"7562c1-6512-3981cb6b"	Apache/1.3.33 (Debian GNU/Linux) PHP/4.3.10-15
www.ramsoft.bbk.org/demos/enlight97/s4b.zip	20060508120320	Fri, 28 Jul 2000 18:02:31 GMT	"7562ce-2b5a4-3981cab7"	Apache/1.3.33 (Debian GNU/Linux) PHP/4.3.10-15
www.ramsoft.bbk.org/demos/funtop98/5elment.zip	20070808155250	Fri, 28 Jul 2000 18:05:58 GMT	"3ff022-16bed-3981cb86"	Apache/1.3.33 (Debian GNU/Linux) PHP/4.3.10-16
www.ramsoft.bbk.org/demos/funtop98/adrenalz.zip	20070808151231	Fri, 28 Jul 2000 18:06:04 GMT	"3ff01f-18d7b-3981cb8c"	Apache/1.3.33 (Debian GNU/Linux) PHP/4.3.10-16
www.ramsoft.bbk.org/demos/funtop98/airspace.zip	20070808150928	Fri, 28 Jul 2000 18:06:06 GMT	"3ff028-6888-3981cb8e"	Apache/1.3.33 (Debian GNU/Linux) PHP/4.3.10-16
www.ramsoft.bbk.org/demos/funtop98/blame.zip	20070808151052	Fri, 28 Jul 2000 18:06:28 GMT	"3ff02b-34829-3981cba4"	Apache/1.3.33 (Debian GNU/Linux) PHP/4.3.10-16
www.ramsoft.bbk.org/demos/funtop98/boom.zip	20070808155219	Fri, 28 Jul 2000 18:06:14 GMT	"3ff026-19940-3981cb96"	Apache/1.3.33 (Debian GNU/Linux) PHP/4.3.10-16
www.ramsoft.bbk.org/demos/funtop98/cr_love.zip	20070808151036	Fri, 28 Jul 2000 18:06:34 GMT	"3ff024-13103-3981cbaa"	Apache/1.3.33 (Debian GNU/Linux) PHP/4.3.10-16
www.ramsoft.bbk.org/demos/funtop98/emergenc.zip	20070808151243	Fri, 28 Jul 2000 18:06:37 GMT	"3ff01a-d222-3981cbad"	Apache/1.3.33 (Debian GNU/Linux) PHP/4.3.10-16
www.ramsoft.bbk.org/demos/funtop98/enthropy.zip	20070808151137	Fri, 28 Jul 2000 18:06:43 GMT	"3ff01d-15748-3981cbb3"	Apache/1.3.33 (Debian GNU/Linux) PHP/4.3.10-16
www.ramsoft.bbk.org/demos/funtop98/forever_final.zip	20070808150910	Fri, 28 Jul 2000 18:10:13 GMT	"3ff019-467d7-3981cc85"	Apache/1.3.33 (Debian GNU/Linux) PHP/4.3.10-16
www.ramsoft.bbk.org/demos/funtop98/ft98dem1.zip	20070808151318	Fri, 28 Jul 2000 18:07:10 GMT	"3ff025-5ff2b-3981cbce"	Apache/1.3.33 (Debian GNU/Linux) PHP/4.3.10-16
www.ramsoft.bbk.org/demos/funtop98/ft98dem2.zip	20070808151210	Fri, 28 Jul 2000 18:07:44 GMT	"3ff016-79032-3981cbf0"	Apache/1.3.33 (Debian GNU/Linux) PHP/4.3.10-16
www.ramsoft.bbk.org/demos/funtop98/ft98dem3.zip	20070808151119	Fri, 28 Jul 2000 18:08:13 GMT	"3ff023-67070-3981cc0d"	Apache/1.3.33 (Debian GNU/Linux) PHP/4.3.10-16
www.ramsoft.bbk.org/demos/funtop98/ft98gfx.zip	20070808150957	Fri, 28 Jul 2000 18:08:31 GMT	"3ff02c-3fed7-3981cc1f"	Apache/1.3.33 (Debian GNU/Linux) PHP/4.3.10-16
www.ramsoft.bbk.org/demos/funtop98/ft98in4k.zip	20070808155118	Fri, 28 Jul 2000 18:08:35 GMT	"3ff02a-f9fe-3981cc23"	Apache/1.3.33 (Debian GNU/Linux) PHP/4.3.10-16
www.ramsoft.bbk.org/demos/funtop98/ft98mus-.zip	20070808155204	Fri, 28 Jul 2000 18:08:42 GMT	"3ff027-18edd-3981cc2a"	Apache/1.3.33 (Debian GNU/Linux) PHP/4.3.10-16
www.ramsoft.bbk.org/demos/funtop98/ft98res.txt	20080906113917	Fri, 28 Jul 2000 18:08:43 GMT	"3ff020-2719-3981cc2b"	Apache/1.3.33 (Debian GNU/Linux) PHP/4.3.10-22
www.ramsoft.bbk.org/demos/funtop98/funtasy.zip	20070808151153	Fri, 28 Jul 2000 18:08:56 GMT	"3ff018-31f6e-3981cc38"	Apache/1.3.33 (Debian GNU/Linux) PHP/4.3.10-16
www.ramsoft.bbk.org/demos/funtop98/garlic.zip	20070808151306	Fri, 28 Jul 2000 18:09:01 GMT	"3ff01e-d4d4-3981cc3d"	Apache/1.3.33 (Debian GNU/Linux) PHP/4.3.10-16
www.ramsoft.bbk.org/demos/funtop98/katharss.zip	20070808155303	Fri, 28 Jul 2000 18:09:05 GMT	"3ff029-1127a-3981cc41"	Apache/1.3.33 (Debian GNU/Linux) PHP/4.3.10-16
www.ramsoft.bbk.org/demos/funtop98/morbid_v.zip	20070808150944	Fri, 28 Jul 2000 18:09:07 GMT	"3ff021-72a3-3981cc43"	Apache/1.3.33 (Debian GNU/Linux) PHP/4.3.10-16
www.ramsoft.bbk.org/demos/funtop98/refresh.zip	20070808151015	Fri, 28 Jul 2000 18:09:53 GMT	"3ff01b-743d7-3981cc71"	Apache/1.3.33 (Debian GNU/Linux) PHP/4.3.10-16
www.ramsoft.bbk.org/demos/funtop98/tv-x.zip	20070808155235	Fri, 28 Jul 2000 18:09:17 GMT	"3ff017-207cb-3981cc4d"	Apache/1.3.33 (Debian GNU/Linux) PHP/4.3.10-16
www.ramsoft.bbk.org/demos/funtop98/tyranny.zip	20060508115527	Fri, 28 Jul 2000 18:09:21 GMT	"3ff01c-f614-3981cc51"	Apache/1.3.33 (Debian GNU/Linux) PHP/4.3.10-15
www.ramsoft.bbk.org/demos/pdx99/pdx_16kb.zip	20060508120745	Fri, 28 Jul 2000 18:01:57 GMT	"885df7-b32b-3981ca95"	Apache/1.3.33 (Debian GNU/Linux) PHP/4.3.10-15
www.ramsoft.bbk.org/demos/pdx99/pdx_4kb.zip	20060508120807	Fri, 28 Jul 2000 18:01:58 GMT	"885df6-1210-3981ca96"	Apache/1.3.33 (Debian GNU/Linux) PHP/4.3.10-15
www.ramsoft.bbk.org/demos/pdx99/pdx_ay.zip	20060508120757	Fri, 28 Jul 2000 18:02:00 GMT	"885df5-9ad9-3981ca98"	Apache/1.3.33 (Debian GNU/Linux) PHP/4.3.10-15
www.ramsoft.bbk.org/demos/pdx99/pdx_demo.zip	20060508120826	Fri, 28 Jul 2000 18:02:13 GMT	"885df4-2ec55-3981caa5"	Apache/1.3.33 (Debian GNU/Linux) PHP/4.3.10-15
www.ramsoft.bbk.org/demos/pdx99/pdx_gfx.zip	20060508120813	Fri, 28 Jul 2000 18:02:18 GMT	"885df9-1100c-3981caaa"	Apache/1.3.33 (Debian GNU/Linux) PHP/4.3.10-15
www.ramsoft.bbk.org/demos/vtxplg11.zip	20070717181343	Fri, 28 Jul 2000 17:59:22 GMT	"586a06-8ffd-3981c9fa"	Apache/1.3.33 (Debian GNU/Linux) PHP/4.3.10-16
www.ramsoft.bbk.org/demos/vtxprc06.zip	20070717181221	Fri, 28 Jul 2000 17:59:24 GMT	"586a05-49b7-3981c9fc"	Apache/1.3.33 (Debian GNU/Linux) PHP/4.3.10-16
www.ramsoft.bbk.org/doxy98.html	20080512024018	Tue, 20 Feb 2001 22:28:35 GMT	"57eb3-12b8-3a92ef93"	Apache/1.3.33 (Debian GNU/Linux) PHP/4.3.10-22
www.ramsoft.bbk.org/doxy99.html	20080514034516	Tue, 20 Feb 2001 22:28:38 GMT	"57eb4-e02-3a92ef96"	Apache/1.3.33 (Debian GNU/Linux) PHP/4.3.10-22
www.ramsoft.bbk.org/e97.html	20070717181359	Tue, 20 Feb 2001 22:28:42 GMT	"57eb5-153c-3a92ef9a"	Apache/1.3.33 (Debian GNU/Linux) PHP/4.3.10-16
www.ramsoft.bbk.org/emul.html	20080509124406	Fri, 28 Jul 2000 17:59:10 GMT	"57eb6-3962-3981c9ee"	Apache/1.3.33 (Debian GNU/Linux) PHP/4.3.10-22
www.ramsoft.bbk.org/emul/csdpmi5b.zip	20070717180137	Thu, 15 Mar 2001 22:57:12 GMT	"40eff9-d516-3ab148c8"	Apache/1.3.33 (Debian GNU/Linux) PHP/4.3.10-16
www.ramsoft.bbk.org/emul/FdInstall.exe	20070717180656	Sun, 01 May 2005 11:52:15 GMT	"40f018-4400-4274c2ef"	Apache/1.3.33 (Debian GNU/Linux) PHP/4.3.10-16
www.ramsoft.bbk.org/emul/hdfutils.zip	20070717180855	Wed, 11 Apr 2001 10:13:25 GMT	"40efdd-22fe-3ad42e45"	Apache/1.3.33 (Debian GNU/Linux) PHP/4.3.10-16
www.ramsoft.bbk.org/emul/rs32-b13-amd.zip	20061229113812	Tue, 10 Sep 2002 09:42:59 GMT	"40f002-b6b24-3d7dbea3"	Apache/1.3.33 (Debian GNU/Linux) PHP/4.3.10-16
www.ramsoft.bbk.org/emul/rs32-b13-i686.zip	20060929061010	Tue, 10 Sep 2002 09:33:16 GMT	"40f001-b33b9-3d7dbc5c"	Apache/1.3.33 (Debian GNU/Linux) PHP/4.3.10-16
www.ramsoft.bbk.org/emul/rs32-b13-pent.zip	20070101022447	Tue, 10 Sep 2002 09:38:28 GMT	"40f008-b850e-3d7dbd94"	Apache/1.3.33 (Debian GNU/Linux) PHP/4.3.10-16
www.ramsoft.bbk.org/emul/rs32-latest.zip	20070717180452	Wed, 23 Aug 2006 12:06:03 GMT	"40f009-3bcd5-44ec44ab"	Apache/1.3.33 (Debian GNU/Linux) PHP/4.3.10-16
www.ramsoft.bbk.org/emul/rs32-r14b-amd.zip	20070717180927	Sat, 06 Nov 2004 11:17:43 GMT	"40f013-d133b-418cb2d7"	Apache/1.3.33 (Debian GNU/Linux) PHP/4.3.10-16
www.ramsoft.bbk.org/emul/rs32-r14b-i686.zip	20070717180716	Sat, 06 Nov 2004 11:18:05 GMT	"40f010-cd9e8-418cb2ed"	Apache/1.3.33 (Debian GNU/Linux) PHP/4.3.10-16
www.ramsoft.bbk.org/emul/rs32-r14b-pent.zip	20070717181008	Sat, 06 Nov 2004 11:18:42 GMT	"40f014-d2b10-418cb312"	Apache/1.3.33 (Debian GNU/Linux) PHP/4.3.10-16
www.ramsoft.bbk.org/emul/rsdos-latest.zip	20060511222254	Mon, 10 Nov 2003 11:38:12 GMT	"40f007-889b9-3faf78a4"	Apache/1.3.33 (Debian GNU/Linux) PHP/4.3.10-16
www.ramsoft.bbk.org/emul/rspec-b10-pent.zip	20010606000841	Thu, 15 Mar 2001 23:18:40 GMT	"42477-86024-3ab14dd0"	Apache/1.3.12 Ben-SSL/1.41 (Unix) mod_layout/2.5 PHP/4.0.1pl2 mod_perl/1.24
www.ramsoft.bbk.org/emul/rspec-b13-amd.zip	20070101175156	Tue, 10 Sep 2002 01:16:39 GMT	"40f006-acda5-3d7d47f7"	Apache/1.3.33 (Debian GNU/Linux) PHP/4.3.10-16
www.ramsoft.bbk.org/emul/rspec-b13-i686.zip	20070101070542	Tue, 10 Sep 2002 01:08:30 GMT	"40f005-a8e1c-3d7d460e"	Apache/1.3.33 (Debian GNU/Linux) PHP/4.3.10-16
www.ramsoft.bbk.org/emul/rspec-b13-pent.zip	20061229113327	Tue, 10 Sep 2002 00:55:19 GMT	"40f004-ae543-3d7d42f7"	Apache/1.3.33 (Debian GNU/Linux) PHP/4.3.10-16
www.ramsoft.bbk.org/emul/rspec-b6-i686.zip	20000818051155	Fri, 28 Jul 2000 18:25:11 GMT	"7b23b-5351c-3981d007"	Apache/1.3.12 Ben-SSL/1.41 (Unix) mod_layout/1.9 PHP/4.0.1pl2 mod_perl/1.24
www.ramsoft.bbk.org/emul/rspec-b6-k6.zip	20000818051144	Fri, 28 Jul 2000 18:24:11 GMT	"7b238-547fa-3981cfcb"	Apache/1.3.12 Ben-SSL/1.41 (Unix) mod_layout/1.9 PHP/4.0.1pl2 mod_perl/1.24
www.ramsoft.bbk.org/emul/rspec-b6-pent.zip	20000818051215	Fri, 28 Jul 2000 18:24:47 GMT	"7b23a-55f81-3981cfef"	Apache/1.3.12 Ben-SSL/1.41 (Unix) mod_layout/1.9 PHP/4.0.1pl2 mod_perl/1.24
www.ramsoft.bbk.org/emul/rspec-r14b-amd.zip	20070717180747	Fri, 12 Nov 2004 00:49:13 GMT	"40f015-ae916-41940889"	Apache/1.3.33 (Debian GNU/Linux) PHP/4.3.10-16
www.ramsoft.bbk.org/emul/rspec-r14b-i686.zip	20070717180812	Fri, 12 Nov 2004 00:47:23 GMT	"40f016-aaf89-4194081b"	Apache/1.3.33 (Debian GNU/Linux) PHP/4.3.10-16
www.ramsoft.bbk.org/emul/rspec-r14b-pent.zip	20070717181037	Fri, 12 Nov 2004 00:58:57 GMT	"40f017-b0314-41940ad1"	Apache/1.3.33 (Debian GNU/Linux) PHP/4.3.10-16
www.ramsoft.bbk.org/emul/rspec-roms.zip	20070717180628	Fri, 13 Oct 2000 22:56:15 GMT	"40efe3-32d1f-39e7930f"	Apache/1.3.33 (Debian GNU/Linux) PHP/4.3.10-16
www.ramsoft.bbk.org/emul/sockvxd.exe	20070717180603	Sun, 20 Aug 2000 22:11:42 GMT	"40effa-39220-39a0579e"	Apache/1.3.33 (Debian GNU/Linux) PHP/4.3.10-16
www.ramsoft.bbk.org/emul/softcrack9.zip	20070717180834	Sun, 04 Mar 2001 23:24:53 GMT	"40efe9-71b1-3aa2cec5"	Apache/1.3.33 (Debian GNU/Linux) PHP/4.3.10-16
www.ramsoft.bbk.org/emul/ymplay230.zip	20070214121132	Sat, 26 Nov 2005 18:19:04 GMT	"40f01b-142d0-4388a718"	Apache/1.3.33 (Debian GNU/Linux) PHP/4.3.10-16
www.ramsoft.bbk.org/emulthreat.html	20080509161322	Fri, 28 Jul 2000 18:32:12 GMT	"57eb7-e83-3981d1ac"	Apache/1.3.33 (Debian GNU/Linux) PHP/4.3.10-22
www.ramsoft.bbk.org/floatingbus.html	20080509193736	Fri, 26 Apr 2002 23:13:31 GMT	"57ed1-2556-3cc9df1b"	Apache/1.3.33 (Debian GNU/Linux) PHP/4.3.10-22
www.ramsoft.bbk.org/funtop98.html	20080705124012	Tue, 20 Feb 2001 22:28:46 GMT	"57eb8-23cc-3a92ef9e"	Apache/1.3.33 (Debian GNU/Linux) PHP/4.3.10-22
www.ramsoft.bbk.org/gallery.html	20080526054101	Fri, 23 Feb 2001 22:43:53 GMT	"57eb9-1023-3a96e7a9"	Apache/1.3.33 (Debian GNU/Linux) PHP/4.3.10-22
www.ramsoft.bbk.org/hdfform.html	20080509075458	Wed, 28 Jun 2006 12:02:17 GMT	"57ea3-2138-44a26fc9"	Apache/1.3.33 (Debian GNU/Linux) PHP/4.3.10-22
www.ramsoft.bbk.org/images/128g2.jpg	20060508113801	Fri, 28 Jul 2000 18:25:25 GMT	"2f745e-4f97-3981d015"	Apache/1.3.33 (Debian GNU/Linux) PHP/4.3.10-15
www.ramsoft.bbk.org/images/3dnow.gif	20060508113647	Fri, 28 Jul 2000 18:25:35 GMT	"2f7441-3d8-3981d01f"	Apache/1.3.33 (Debian GNU/Linux) PHP/4.3.10-15
www.ramsoft.bbk.org/images/9-9-99.gif	20070111010459	Fri, 28 Jul 2000 18:25:35 GMT	"2f744a-376c-3981d01f"	Apache/1.3.33 (Debian GNU/Linux) PHP/4.3.10-16
www.ramsoft.bbk.org/images/blamp.gif	20070111010419	Fri, 28 Jul 2000 18:25:45 GMT	"2f746d-167f-3981d029"	Apache/1.3.33 (Debian GNU/Linux) PHP/4.3.10-16
www.ramsoft.bbk.org/images/bmgt.gif	20060508115151	Fri, 28 Jul 2000 18:25:34 GMT	"2f743b-d64-3981d01e"	Apache/1.3.33 (Debian GNU/Linux) PHP/4.3.10-15
www.ramsoft.bbk.org/images/bmtzx.gif	20060508115146	Fri, 28 Jul 2000 18:25:32 GMT	"2f7461-eb0-3981d01c"	Apache/1.3.33 (Debian GNU/Linux) PHP/4.3.10-15
www.ramsoft.bbk.org/images/demosc2.jpg	20060508113733	Fri, 28 Jul 2000 18:25:23 GMT	"2f744b-650c-3981d013"	Apache/1.3.33 (Debian GNU/Linux) PHP/4.3.10-15
www.ramsoft.bbk.org/images/digisynth.gif	20070107020956	Fri, 28 Jul 2000 18:25:36 GMT	"2f7466-a9e-3981d020"	Apache/1.3.33 (Debian GNU/Linux) PHP/4.3.10-16
www.ramsoft.bbk.org/images/disciple.gif	20070717175921	Fri, 28 Jul 2000 18:25:24 GMT	"2f7446-3b40-3981d014"	Apache/1.3.33 (Debian GNU/Linux) PHP/4.3.10-16
www.ramsoft.bbk.org/images/discpl2.jpg	20060508113832	Fri, 28 Jul 2000 18:25:26 GMT	"2f746a-226d-3981d016"	Apache/1.3.33 (Debian GNU/Linux) PHP/4.3.10-15
www.ramsoft.bbk.org/images/diver.gif	20070717181145	Fri, 28 Jul 2000 18:25:36 GMT	"2f7454-1e35-3981d020"	Apache/1.3.33 (Debian GNU/Linux) PHP/4.3.10-16
www.ramsoft.bbk.org/images/doe-1.gif	20070111010427	Fri, 28 Jul 2000 18:25:36 GMT	"2f745d-f32-3981d020"	Apache/1.3.33 (Debian GNU/Linux) PHP/4.3.10-16
www.ramsoft.bbk.org/images/doe-2.gif	20070111010435	Fri, 28 Jul 2000 18:25:37 GMT	"2f7444-8d2-3981d021"	Apache/1.3.33 (Debian GNU/Linux) PHP/4.3.10-16
www.ramsoft.bbk.org/images/echology.gif	20070319154527	Fri, 28 Jul 2000 18:25:37 GMT	"2f744e-1d49-3981d021"	Apache/1.3.33 (Debian GNU/Linux) PHP/4.3.10-16
www.ramsoft.bbk.org/images/fight.gif	20070717181250	Fri, 28 Jul 2000 18:25:38 GMT	"2f7455-1bc0-3981d022"	Apache/1.3.33 (Debian GNU/Linux) PHP/4.3.10-16
www.ramsoft.bbk.org/images/hercules-1.gif	20070111010507	Fri, 28 Jul 2000 18:25:38 GMT	"2f7475-1723-3981d022"	Apache/1.3.33 (Debian GNU/Linux) PHP/4.3.10-16
www.ramsoft.bbk.org/images/hercules-2.gif	20061210142054	Fri, 28 Jul 2000 18:25:38 GMT	"2f7474-1c5c-3981d022"	Apache/1.3.33 (Debian GNU/Linux) PHP/4.3.10-16
www.ramsoft.bbk.org/images/keypad.jpg	20060508113838	Fri, 28 Jul 2000 18:25:27 GMT	"2f7468-1b91-3981d017"	Apache/1.3.33 (Debian GNU/Linux) PHP/4.3.10-15
www.ramsoft.bbk.org/images/ll.gif	20070106043118	Fri, 28 Jul 2000 18:25:32 GMT	"2f7445-51-3981d01c"	Apache/1.3.33 (Debian GNU/Linux) PHP/4.3.10-16
www.ramsoft.bbk.org/images/lovekind.gif	20060508113742	Fri, 28 Jul 2000 18:25:39 GMT	"2f7467-20c9-3981d023"	Apache/1.3.33 (Debian GNU/Linux) PHP/4.3.10-15
www.ramsoft.bbk.org/images/lr.gif	20070106043140	Fri, 28 Jul 2000 18:25:32 GMT	"2f7469-4f-3981d01c"	Apache/1.3.33 (Debian GNU/Linux) PHP/4.3.10-16
www.ramsoft.bbk.org/images/mda-1.gif	20070107020913	Fri, 28 Jul 2000 18:25:39 GMT	"2f744d-14f8-3981d023"	Apache/1.3.33 (Debian GNU/Linux) PHP/4.3.10-16
www.ramsoft.bbk.org/images/mda-2.gif	20070111010335	Fri, 28 Jul 2000 18:25:40 GMT	"2f7457-1506-3981d024"	Apache/1.3.33 (Debian GNU/Linux) PHP/4.3.10-16
www.ramsoft.bbk.org/images/minitv.jpg	20060508113816	Fri, 28 Jul 2000 18:25:28 GMT	"2f745c-1af1-3981d018"	Apache/1.3.33 (Debian GNU/Linux) PHP/4.3.10-15
www.ramsoft.bbk.org/images/mtzx2.gif	20060508113652	Fri, 28 Jul 2000 18:25:30 GMT	"2f7439-8b5-3981d01a"	Apache/1.3.33 (Debian GNU/Linux) PHP/4.3.10-15
www.ramsoft.bbk.org/images/nmi2.gif	20070111010451	Fri, 28 Jul 2000 18:25:40 GMT	"2f746b-22b3-3981d024"	Apache/1.3.33 (Debian GNU/Linux) PHP/4.3.10-16
www.ramsoft.bbk.org/images/nmi3made.gif	20070107020743	Fri, 28 Jul 2000 18:25:41 GMT	"2f7448-cac-3981d025"	Apache/1.3.33 (Debian GNU/Linux) PHP/4.3.10-16
www.ramsoft.bbk.org/images/overscan.gif	20070111010343	Fri, 28 Jul 2000 18:25:41 GMT	"2f7443-ac7-3981d025"	Apache/1.3.33 (Debian GNU/Linux) PHP/4.3.10-16
www.ramsoft.bbk.org/images/rage1.png	20070111010442	Fri, 28 Jul 2000 18:25:41 GMT	"2f743d-9a3-3981d025"	Apache/1.3.33 (Debian GNU/Linux) PHP/4.3.10-16
www.ramsoft.bbk.org/images/rage2.png	20070111010352	Fri, 28 Jul 2000 18:25:41 GMT	"2f744c-62f-3981d025"	Apache/1.3.33 (Debian GNU/Linux) PHP/4.3.10-16
www.ramsoft.bbk.org/images/shock.gif	20070107020904	Fri, 28 Jul 2000 18:25:41 GMT	"2f7450-11da-3981d025"	Apache/1.3.33 (Debian GNU/Linux) PHP/4.3.10-16
www.ramsoft.bbk.org/images/sinclogo.gif	20060508113823	Fri, 28 Jul 2000 18:25:28 GMT	"2f7442-312-3981d018"	Apache/1.3.33 (Debian GNU/Linux) PHP/4.3.10-15
www.ramsoft.bbk.org/images/tabout.gif	20070106222735	Fri, 28 Jul 2000 18:25:33 GMT	"2f7462-2d4-3981d01d"	Apache/1.3.33 (Debian GNU/Linux) PHP/4.3.10-16
www.ramsoft.bbk.org/images/tdemos.gif	20070106222624	Fri, 28 Jul 2000 18:25:33 GMT	"2f743c-245-3981d01d"	Apache/1.3.33 (Debian GNU/Linux) PHP/4.3.10-16
www.ramsoft.bbk.org/images/templogo2.jpg	20070106222543	Fri, 28 Jul 2000 18:25:44 GMT	"2f7471-3721-3981d028"	Apache/1.3.33 (Debian GNU/Linux) PHP/4.3.10-16
www.ramsoft.bbk.org/images/tgallery.gif	20070106222534	Fri, 28 Jul 2000 18:25:33 GMT	"2f7438-27c-3981d01d"	Apache/1.3.33 (Debian GNU/Linux) PHP/4.3.10-16
www.ramsoft.bbk.org/images/there.gif	20061210141948	Fri, 28 Jul 2000 18:25:42 GMT	"2f744f-1ba2-3981d026"	Apache/1.3.33 (Debian GNU/Linux) PHP/4.3.10-16
www.ramsoft.bbk.org/images/tlinks.gif	20070106222701	Fri, 28 Jul 2000 18:25:33 GMT	"2f7464-1d5-3981d01d"	Apache/1.3.33 (Debian GNU/Linux) PHP/4.3.10-16
www.ramsoft.bbk.org/images/tlkwatch.jpg	20060508113810	Fri, 28 Jul 2000 18:25:28 GMT	"2f7472-1a65-3981d018"	Apache/1.3.33 (Debian GNU/Linux) PHP/4.3.10-15
www.ramsoft.bbk.org/images/tmtzx.gif	20070106222632	Fri, 28 Jul 2000 18:25:33 GMT	"2f7470-2fb-3981d01d"	Apache/1.3.33 (Debian GNU/Linux) PHP/4.3.10-16
www.ramsoft.bbk.org/images/trspec.gif	20061211213747	Fri, 28 Jul 2000 18:25:42 GMT	"2f7447-3a9-3981d026"	Apache/1.3.33 (Debian GNU/Linux) PHP/4.3.10-16
www.ramsoft.bbk.org/images/ttech.gif	20061211214039	Fri, 28 Jul 2000 18:25:33 GMT	"2f7449-2c7-3981d01d"	Apache/1.3.33 (Debian GNU/Linux) PHP/4.3.10-16
www.ramsoft.bbk.org/images/uflag.gif	20070106222744	Fri, 28 Jul 2000 18:25:34 GMT	"2f7452-77-3981d01e"	Apache/1.3.33 (Debian GNU/Linux) PHP/4.3.10-16
www.ramsoft.bbk.org/images/ul.gif	20070106043322	Fri, 28 Jul 2000 18:25:32 GMT	"2f7458-4f-3981d01c"	Apache/1.3.33 (Debian GNU/Linux) PHP/4.3.10-16
www.ramsoft.bbk.org/images/ur.gif	20060805170723	Fri, 28 Jul 2000 18:25:32 GMT	"2f743f-4f-3981d01c"	Apache/1.3.33 (Debian GNU/Linux) PHP/4.3.10-16
www.ramsoft.bbk.org/images/varese2003.jpg	20070106222610	Wed, 09 Apr 2003 18:19:07 GMT	"2f7476-1800-3e94641b"	Apache/1.3.33 (Debian GNU/Linux) PHP/4.3.10-16
www.ramsoft.bbk.org/images/wingui.gif	20060508113640	Thu, 11 Oct 2001 14:46:20 GMT	"2f745f-2626-3bc5b0bc"	Apache/1.3.33 (Debian GNU/Linux) PHP/4.3.10-15
www.ramsoft.bbk.org/index.html	20080222104410	Sat, 07 Apr 2007 20:50:56 GMT	"57eba-1674-46180430"	Apache/1.3.33 (Debian GNU/Linux) PHP/4.3.10-22
www.ramsoft.bbk.org/italia.html	20080509075640	Tue, 30 Dec 2003 02:24:55 GMT	"57ebb-a5b-3ff0e1f7"	Apache/1.3.33 (Debian GNU/Linux) PHP/4.3.10-22
www.ramsoft.bbk.org/links.html	20080526054106	Tue, 04 Oct 2005 10:10:39 GMT	"57ebc-19d9-4342551f"	Apache/1.3.33 (Debian GNU/Linux) PHP/4.3.10-22
www.ramsoft.bbk.org/maketzx.html	20080923184940	Fri, 01 Aug 2003 12:36:55 GMT	"57ebe-61f5-3f2a5ee7"	Apache/1.3.33 (Debian GNU/Linux) PHP/4.3.10-22
www.ramsoft.bbk.org/mgtfiles.html	20030301095251	Fri, 28 Jul 2000 18:32:11 GMT	"4feff-5104-3981d1ab"	Apache/1.3.22 (Unix)  (Red-Hat/Linux) mod_ssl/2.8.5 OpenSSL/0.9.6b DAV/1.0.2 PHP/4.0.6 mod_perl/1.24_01
www.ramsoft.bbk.org/mtzx2.gif	20070717175857	Fri, 28 Jul 2000 18:32:01 GMT	"57ec1-8b5-3981d1a1"	Apache/1.3.33 (Debian GNU/Linux) PHP/4.3.10-16
www.ramsoft.bbk.org/mtzxman.htm	20080920145826	Fri, 01 Aug 2003 12:18:46 GMT	"57ec0-1c856-3f2a5aa6"	Apache/1.3.33 (Debian GNU/Linux) PHP/4.3.10-22
www.ramsoft.bbk.org/pdx99.html	20080514034355	Sun, 27 Jan 2002 11:52:45 GMT	"57ec3-d99-3c53ea0d"	Apache/1.3.33 (Debian GNU/Linux) PHP/4.3.10-22
www.ramsoft.bbk.org/realspec.html	20081016081659	Wed, 23 Aug 2006 12:11:04 GMT	"57ec5-693c-44ec45d8"	Apache/1.3.33 (Debian GNU/Linux) PHP/4.3.10-22
www.ramsoft.bbk.org/rs32.txt	20081017084329	Mon, 16 May 2005 11:02:21 GMT	"57ed2-1f01-42887dbd"	Apache/1.3.33 (Debian GNU/Linux) PHP/4.3.10-22
www.ramsoft.bbk.org/rspecman_ita.html	20080514110029	Sun, 24 Dec 2000 15:30:15 GMT	"57ec8-1c1b5-3a461687"	Apache/1.3.33 (Debian GNU/Linux) PHP/4.3.10-22
www.ramsoft.bbk.org/rspecman.html	20081028172259	Tue, 04 Oct 2005 10:11:14 GMT	"57ec7-2e0a7-43425542"	Apache/1.3.33 (Debian GNU/Linux) PHP/4.3.10-22
www.ramsoft.bbk.org/rzx.html	20080509164637	Wed, 29 Oct 2003 23:46:26 GMT	"57ec9-1abd-3fa05152"	Apache/1.3.33 (Debian GNU/Linux) PHP/4.3.10-22
www.ramsoft.bbk.org/rzxdiag.png	20070105003947	Wed, 29 Oct 2003 23:46:28 GMT	"57eca-244b-3fa05154"	Apache/1.3.33 (Debian GNU/Linux) PHP/4.3.10-16
www.ramsoft.bbk.org/rzxform.html	20080705124004	Thu, 03 Mar 2005 10:30:38 GMT	"57ecb-9cda-4226e74e"	Apache/1.3.33 (Debian GNU/Linux) PHP/4.3.10-22
www.ramsoft.bbk.org/software.html	20080509124501	Fri, 28 Jul 2000 17:59:13 GMT	"57ecc-dea-3981c9f1"	Apache/1.3.33 (Debian GNU/Linux) PHP/4.3.10-22
www.ramsoft.bbk.org/software/ami-csw130.zip	20070717180113	Fri, 28 Jul 2000 18:30:39 GMT	"72e376-e7ea-3981d14f"	Apache/1.3.33 (Debian GNU/Linux) PHP/4.3.10-16
www.ramsoft.bbk.org/software/ami-mtzx231.zip	20070717180028	Wed, 04 Jul 2001 16:24:29 GMT	"72e36b-1fc6c-3b43433d"	Apache/1.3.33 (Debian GNU/Linux) PHP/4.3.10-16
www.ramsoft.bbk.org/software/csdpmi4b.zip	20060508120855	Fri, 28 Jul 2000 18:29:41 GMT	"72e37e-a222-3981d115"	Apache/1.3.33 (Debian GNU/Linux) PHP/4.3.10-15
www.ramsoft.bbk.org/software/csw130.tgz	20070717180216	Fri, 28 Jul 2000 18:30:59 GMT	"72e374-29d5e-3981d163"	Apache/1.3.33 (Debian GNU/Linux) PHP/4.3.10-16
www.ramsoft.bbk.org/software/csw200.zip	20070717180300	Fri, 01 Aug 2003 12:04:24 GMT	"72e387-1f27b-3f2a5748"	Apache/1.3.33 (Debian GNU/Linux) PHP/4.3.10-16
www.ramsoft.bbk.org/software/gui012.zip	20070717180352	Fri, 28 Jul 2000 18:30:34 GMT	"72e381-2c18a-3981d14a"	Apache/1.3.33 (Debian GNU/Linux) PHP/4.3.10-16
www.ramsoft.bbk.org/software/mtzx1021b.tgz	20070717180335	Fri, 28 Jul 2000 18:26:21 GMT	"72e372-12300-3981d04d"	Apache/1.3.33 (Debian GNU/Linux) PHP/4.3.10-16
www.ramsoft.bbk.org/software/mtzx1021s.zip	20070717180102	Fri, 28 Jul 2000 18:30:11 GMT	"72e379-6437-3981d133"	Apache/1.3.33 (Debian GNU/Linux) PHP/4.3.10-16
www.ramsoft.bbk.org/software/mtzx230.tgz	20061219063339	Fri, 28 Jul 2000 18:31:21 GMT	"72e378-38e33-3981d179"	Apache/1.3.33 (Debian GNU/Linux) PHP/4.3.10-16
www.ramsoft.bbk.org/software/mtzx231.tgz	20070717180417	Mon, 02 Jul 2001 22:51:44 GMT	"72e36f-42ae1-3b40fb00"	Apache/1.3.33 (Debian GNU/Linux) PHP/4.3.10-16
www.ramsoft.bbk.org/software/mtzx233.zip	20070717180239	Fri, 01 Aug 2003 12:17:31 GMT	"72e383-2d0d9-3f2a5a5b"	Apache/1.3.33 (Debian GNU/Linux) PHP/4.3.10-16
www.ramsoft.bbk.org/software/mtzx233w.zip	20070717180008	Fri, 01 Aug 2003 12:17:44 GMT	"72e386-24a80-3f2a5a68"	Apache/1.3.33 (Debian GNU/Linux) PHP/4.3.10-16
www.ramsoft.bbk.org/software/mtzxwgui050beta.zip	20070717180156	Wed, 04 Jul 2001 13:50:25 GMT	"72e375-2ff85-3b431f21"	Apache/1.3.33 (Debian GNU/Linux) PHP/4.3.10-16
www.ramsoft.bbk.org/tech.html	20080509075310	Sun, 02 Jul 2006 12:05:23 GMT	"57ecd-2d10-44a7b683"	Apache/1.3.33 (Debian GNU/Linux) PHP/4.3.10-22
www.ramsoft.bbk.org/tech/aylpt.txt	20080509164330	Fri, 23 Feb 2001 22:44:22 GMT	"416fcd-161b-3a96e7c6"	Apache/1.3.33 (Debian GNU/Linux) PHP/4.3.10-22
www.ramsoft.bbk.org/tech/floatspy.zip	20070214120309	Fri, 26 Apr 2002 23:13:44 GMT	"416fd0-a48-3cc9df28"	Apache/1.3.33 (Debian GNU/Linux) PHP/4.3.10-16
www.ramsoft.bbk.org/tech/mgt_tech.txt	20080514125600	Fri, 30 Jan 2004 19:32:02 GMT	"416fd1-ed7e-401ab132"	Apache/1.3.33 (Debian GNU/Linux) PHP/4.3.10-22
www.ramsoft.bbk.org/tech/romload.zip	20070808150558	Fri, 28 Jul 2000 18:31:48 GMT	"416fcc-1b35-3981d194"	Apache/1.3.33 (Debian GNU/Linux) PHP/4.3.10-16
www.ramsoft.bbk.org/tech/rs-hdf.txt	20081016212030	Fri, 16 Mar 2001 23:11:24 GMT	"416fc6-840-3ab29d9c"	Apache/1.3.33 (Debian GNU/Linux) PHP/4.3.10-22
www.ramsoft.bbk.org/tech/rzx-sdk.zip	20070106083326	Mon, 05 Aug 2002 13:28:29 GMT	"416fcf-7171-3d4e7d7d"	Apache/1.3.33 (Debian GNU/Linux) PHP/4.3.10-16
www.ramsoft.bbk.org/tech/spdlock.zip	20070808150700	Fri, 28 Jul 2000 18:31:49 GMT	"416fc7-59e9-3981d195"	Apache/1.3.33 (Debian GNU/Linux) PHP/4.3.10-16
www.ramsoft.bbk.org/tech/st11fmt.zip	20070808150541	Fri, 28 Jul 2000 18:31:51 GMT	"416fc9-737-3981d197"	Apache/1.3.33 (Debian GNU/Linux) PHP/4.3.10-16
www.ramsoft.bbk.org/tech/tr-info.zip	20070808150548	Fri, 28 Jul 2000 18:31:58 GMT	"416fcb-fc4-3981d19e"	Apache/1.3.33 (Debian GNU/Linux) PHP/4.3.10-16
www.ramsoft.bbk.org/tzxform.html	20080509075824	Sat, 26 Mar 2005 13:51:17 GMT	"57ed5-1687f-424568d5"	Apache/1.3.33 (Debian GNU/Linux) PHP/4.3.10-22
www.ramsoft.bbk.org/wave.gif	20070214044917	Sun, 21 Sep 2003 12:24:14 GMT	"57ed4-f52-3f6d986e"	Apache/1.3.33 (Debian GNU/Linux) PHP/4.3.10-16
